<?xml version="1.0" encoding="UTF-8" ?>
<XMLDB PATH="mod/ejsappbooking/db" VERSION="20120613" COMMENT="XMLDB file for Moodle mod/ejsappbooking"
    xmlns:xsi="http://www.w3.org/2001/XMLSchema-instance"
    xsi:noNamespaceSchemaLocation="../../../lib/xmldb/xmldb.xsd"
>
  <TABLES>
    <TABLE NAME="ejsappbooking" COMMENT="Defines all the booking system instances for each course" NEXT="ejsappbooking_usersaccess">
      <FIELDS>
      	<FIELD NAME="id" TYPE="int" LENGTH="10" NOTNULL="true" UNSIGNED="true" SEQUENCE="true" NEXT="course"/>
      	<FIELD NAME="course" TYPE="int" LENGTH="10" NOTNULL="true" UNSIGNED="true" SEQUENCE="false" COMMENT="Course ejsappbooking activity belongs to" PREVIOUS="id" NEXT="name"/>
      	<FIELD NAME="name" TYPE="char" LENGTH="255" NOTNULL="true" UNSIGNED="false" SEQUENCE="false" COMMENT="Name field for moodle instances" PREVIOUS="course" NEXT="intro"/>
      	<FIELD NAME="intro" TYPE="text" LENGTH="medium" NOTNULL="false" SEQUENCE="false" COMMENT="General introduction of the ejsapp activity" PREVIOUS="name" NEXT="introformat"/>
        <FIELD NAME="introformat" TYPE="int" LENGTH="4" NOTNULL="true" UNSIGNED="true" DEFAULT="0" SEQUENCE="false" COMMENT="Format of the intro field (MOODLE, HTML, MARKDOWN...)" PREVIOUS="intro" NEXT="timecreated"/>
        <FIELD NAME="timecreated" TYPE="int" LENGTH="10" NOTNULL="true" UNSIGNED="true" SEQUENCE="false" PREVIOUS="introformat" NEXT="timemodified"/>
        <FIELD NAME="timemodified" TYPE="int" LENGTH="10" NOTNULL="true" UNSIGNED="true" DEFAULT="0" SEQUENCE="false" PREVIOUS="timecreated"/>
      </FIELDS>
      <KEYS>
        <KEY NAME="primary" TYPE="primary" FIELDS="id"/>
      </KEYS>
      <INDEXES>
        <INDEX NAME="course" UNIQUE="false" FIELDS="course"/>
      </INDEXES>
    </TABLE>
    <TABLE NAME="ejsappbooking_usersaccess" COMMENT="Specifies if a user has access to the booking system for a particular remote EJSApp" PREVIOUS="ejsappbooking" NEXT="ejsappbooking_remlab_access">
      <FIELDS>
      	<FIELD NAME="id" TYPE="int" LENGTH="10" NOTNULL="true" UNSIGNED="true" SEQUENCE="true" NEXT="bookingid"/>
      	<FIELD NAME="bookingid" TYPE="int" LENGTH="10" NOTNULL="true" UNSIGNED="true" SEQUENCE="false" PREVIOUS="id" NEXT="userid"/>
        <FIELD NAME="userid" TYPE="int" LENGTH="10" NOTNULL="true" UNSIGNED="true" SEQUENCE="false" COMMENT="The Moodle user id" PREVIOUS="bookingid" NEXT="ejsappid"/>
        <FIELD NAME="ejsappid" TYPE="int" LENGTH="10" NOTNULL="true" UNSIGNED="true" SEQUENCE="false" COMMENT="The EJSApp id" PREVIOUS="userid" NEXT="allowremaccess"/>
        <FIELD NAME="allowremaccess" TYPE="int" LENGTH="1" NOTNULL="true" UNSIGNED="true" SEQUENCE="false" COMMENT="Whether the user has access or not" PREVIOUS="ejsappid"/>
      </FIELDS>
      <KEYS>
        <KEY NAME="primary" TYPE="primary" FIELDS="id"/>
      </KEYS>
      <INDEXES>
        <INDEX NAME="bookingid" UNIQUE="false" FIELDS="bookingid"/>
      </INDEXES>
    </TABLE>
    <TABLE NAME="ejsappbooking_remlab_access" COMMENT="Records the bookings made by the users to the different remote EJSApp" PREVIOUS="ejsappbooking_usersaccess">
      <FIELDS>
      	<FIELD NAME="id" TYPE="int" LENGTH="10" NOTNULL="true" UNSIGNED="true" SEQUENCE="true" NEXT="username"/>
      	<FIELD NAME="username" TYPE="char" LENGTH="255" NOTNULL="true" UNSIGNED="false" SEQUENCE="false" PREVIOUS="id" NEXT="ejsappid"/>
        <FIELD NAME="ejsappid" TYPE="int" LENGTH="10" NOTNULL="true" UNSIGNED="true" SEQUENCE="false" COMMENT="The EJSApp id" PREVIOUS="username" NEXT="practiceid"/>
        <FIELD NAME="practiceid" TYPE="int" LENGTH="10" NOTNULL="true" UNSIGNED="true" SEQUENCE="false" COMMENT="The practice id" PREVIOUS="ejsappid" NEXT="starttime"/>
        <FIELD NAME="starttime" TYPE="datetime" LENGTH="10" NOTNULL="true" UNSIGNED="true" SEQUENCE="false" COMMENT="Date and time in which the booking starts" PREVIOUS="practiceid" NEXT="endtime"/>
        <FIELD NAME="endtime" TYPE="datetime" LENGTH="10" NOTNULL="true" UNSIGNED="true" SEQUENCE="false" COMMENT="Date and time in which the booking ends" PREVIOUS="starttime" NEXT="valid"/>
        <FIELD NAME="valid" TYPE="int" LENGTH="1" NOTNULL="true" UNSIGNED="true" SEQUENCE="false" COMMENT="Whether the booking is still valid or not" PREVIOUS="endtime"/>
      </FIELDS>
      <KEYS>
        <KEY NAME="primary" TYPE="primary" FIELDS="id"/>
      </KEYS>
      <INDEXES>
        <INDEX NAME="username" UNIQUE="false" FIELDS="username"/>
      </INDEXES>
    </TABLE>
  </TABLES>
</XMLDB>
